date,T_min,T_max,T_mean,RH_min,RH_max,RH_mean,solar_max,solar_sum,wind_kmh_mean,pressure_kPa_mean,rain_mm_day,ETo_mm_day,ETc_mm_day,ETc_adj_mm_period_sum,Rn_MJ_period_sum,G_MJ_period_sum,Kc_mean,Ks_min,Dr_mm_max,VPD_kPa
2025-12-03,4.6,11.2,8.3535,34.3,85.9,56.8838,369.0,4036.0,2.2796,92.2451,130.4,0.5843,0.5941,0.5941,0.3043,-0.4724,0.993,1.0,0.0,0.474
2025-12-04,3.0,12.4,7.8299,58.8,85.6,75.425,322.0,7198.0,5.3285,92.5903,172.8,0.9781,0.9674,0.9674,1.8477,-0.289,0.9508,1.0,0.0,0.261
2025-12-05,2.8,14.7,8.2545,42.6,86.6,64.5287,386.0,11935.0,3.5497,92.6923,171.6,1.3534,1.3952,1.3952,3.3094,-0.1439,0.9757,1.0,0.0,0.387
2025-12-06,3.4,18.0,9.935,32.6,79.0,55.8385,442.0,12535.0,4.5734,92.3986,171.6,1.8139,2.0184,2.0184,3.4486,-0.1483,1.024,1.0,0.0,0.54
2025-12-07,2.0,18.4,9.5248,31.0,72.2,51.0014,393.0,13567.0,3.683,92.4291,169.2,1.7297,1.9161,1.9161,3.7381,-0.1172,1.0339,1.0,0.0,0.583
2025-12-08,3.0,21.8,10.933,23.0,69.5,48.4406,390.0,13132.0,4.9943,92.4774,127.2,1.9527,2.2223,2.2223,4.1296,0.1455,1.0599,1.0,0.0,0.674
2025-12-09,5.9,17.8,13.1357,27.9,51.2,35.9667,324.0,5648.0,2.9048,92.2024,100.8,0.9782,1.0902,1.0902,1.747,-0.1122,1.0879,1.0,0.0,0.968
2025-12-10,6.6,22.2,13.5153,18.6,52.0,33.6264,507.0,13086.0,3.9819,92.0424,172.8,2.2584,2.6527,2.6527,3.3228,-0.221,1.1102,1.0,0.0,1.028
2025-12-11,8.0,22.2,13.8701,18.4,62.1,34.9056,602.0,11997.0,4.1708,91.7576,172.8,2.0298,2.3388,2.3388,2.838,-0.2546,1.107,1.0,0.0,1.032
2025-12-12,5.3,22.8,13.1146,26.1,78.7,49.8528,460.0,11834.0,5.5181,91.6271,172.8,2.1089,2.3741,2.3741,3.1154,-0.1921,1.0601,1.0,0.0,0.757
2025-12-13,5.2,14.3,8.9972,54.9,91.2,77.6336,497.0,7510.0,8.6678,91.4965,461.6,1.1806,1.2301,1.2301,1.8675,-0.2709,0.9804,1.0,0.0,0.257
2025-12-14,2.9,14.8,7.9917,56.7,90.6,76.7403,538.0,10077.0,4.3257,91.741,604.8,1.1094,1.0782,1.0782,2.7589,-0.1958,0.9336,1.0,0.0,0.249
2025-12-15,1.5,10.5,4.9826,57.1,88.3,76.7771,563.0,10991.0,4.8111,92.4771,604.8,1.0317,1.0305,1.0305,3.0054,-0.1717,0.9391,1.0,0.0,0.202
2025-12-16,1.7,11.0,6.6111,60.8,93.7,80.6431,455.0,5871.0,2.7958,92.1486,708.8,0.5927,0.5662,0.5662,1.1679,-0.3457,0.8994,1.0,0.0,0.189
2025-12-17,-0.1,7.9,3.8664,86.5,96.3,92.8846,94.0,1391.0,6.4168,92.286,5617.6,0.1591,0.1429,0.1429,-0.6773,-0.5346,0.8903,1.0,0.0,0.057
2025-12-18,-1.0,5.3,1.1007,81.4,96.9,93.6667,579.0,8955.0,7.3097,92.9521,8986.8,0.603,0.5256,0.5256,2.4182,-0.2155,0.8974,1.0,0.0,0.042
2025-12-19,-0.5,1.5,0.4213,89.4,97.0,95.4532,61.0,2080.0,5.156,92.4709,9460.6,0.1369,0.1192,0.1192,-0.4081,-0.4961,0.8648,1.0,0.0,0.029
2025-12-20,-3.4,2.1,-0.5468,79.1,97.3,92.5511,395.0,9140.0,5.5856,92.1295,10058.8,0.5388,0.4976,0.4976,2.4761,-0.1828,0.882,1.0,0.0,0.044
2025-12-21,-8.2,2.5,-2.392,67.4,95.5,84.3489,367.0,10403.0,2.4606,92.5686,10365.8,0.6347,0.5758,0.5758,2.8389,-0.1626,0.88,1.0,0.0,0.08
2025-12-22,-8.0,3.2,-3.7215,71.1,94.5,88.8354,424.0,13348.0,2.2104,92.541,11070.4,0.7639,0.6858,0.6858,3.9483,-0.0583,0.8583,1.0,0.0,0.052
2025-12-23,-6.1,4.8,-0.0056,70.9,93.7,81.2542,418.0,14770.0,3.1167,92.425,11928.2,0.9794,0.9166,0.9166,4.4147,-0.0251,0.9006,1.0,0.0,0.114
2025-12-24,-5.8,7.0,1.1396,58.3,88.7,75.6743,434.0,14799.0,3.9278,92.284,13116.0,1.1103,1.057,1.057,4.3677,-0.0327,0.9334,1.0,0.0,0.161
2025-12-25,-3.0,9.2,2.5972,50.4,88.7,74.5336,404.0,13713.0,3.1035,92.249,13299.0,1.0775,1.0629,1.0629,3.954,-0.0644,0.9286,1.0,0.0,0.188
2025-12-26,-2.1,10.6,3.4971,53.9,90.4,79.811,412.0,10794.0,3.7985,92.0588,12648.0,0.9229,0.9196,0.9196,2.8701,-0.1625,0.9146,1.0,0.0,0.158
2025-12-27,-0.6,12.9,6.4841,56.2,91.6,73.787,463.0,11114.0,8.7659,91.8065,12834.0,1.5479,1.6953,1.6953,3.1347,-0.1576,0.9976,1.0,0.0,0.253
2025-12-28,3.9,15.8,9.5482,49.8,78.6,64.3887,391.0,12608.0,13.4773,91.6369,13126.8,2.3217,2.7656,2.7656,3.4713,-0.1269,1.0918,1.0,0.0,0.424
2025-12-29,3.9,15.7,10.3144,44.2,92.4,67.5058,445.0,5778.0,13.7201,91.1252,12954.8,1.7756,2.0318,2.0318,1.0923,-0.3329,1.0816,1.0,0.0,0.408
2025-12-30,2.7,16.9,8.8097,33.2,94.8,71.0042,406.0,13483.0,10.2792,91.0486,13424.8,2.0667,2.4802,2.4802,3.9019,-0.0688,1.0269,1.0,0.0,0.329
2025-12-31,-0.7,9.5,3.2215,43.0,91.5,76.0729,426.0,14707.0,4.3444,92.2431,13862.2,1.2461,1.3001,1.3001,4.3236,-0.0265,0.9366,1.0,0.0,0.184
2026-01-01,-3.4,13.2,2.9902,26.6,93.0,72.1168,429.0,12070.0,5.7713,91.951,13785.2,1.4705,1.6669,1.6669,3.3383,-0.133,0.9698,1.0,0.0,0.211
2026-01-02,-0.2,12.6,5.8431,35.6,82.0,64.9403,614.0,14016.0,7.1681,92.1514,13881.6,1.7424,2.0567,2.0567,4.0972,-0.0602,1.0161,1.0,0.0,0.324
2026-01-03,3.4,10.2,5.3201,57.6,86.6,75.5069,446.0,10777.0,7.8611,92.516,13881.6,1.1647,1.24,1.24,2.9611,-0.1733,0.9799,1.0,0.0,0.218
2026-01-04,0.3,9.7,4.1583,56.7,88.3,76.2986,382.0,9980.0,3.325,92.641,13881.6,0.8927,0.8766,0.8766,2.757,-0.1883,0.9238,1.0,0.0,0.195
2026-01-05,-1.9,11.9,4.4434,41.5,92.3,71.0755,423.0,14913.0,3.9916,93.0189,13785.2,1.4163,1.4566,1.4566,4.4377,-0.0152,0.9534,1.0,0.0,0.243
2026-01-06,-2.0,12.2,4.375,36.7,84.5,65.7417,429.0,15176.0,4.5,92.975,13881.6,1.489,1.555,1.555,4.4845,-0.0236,0.9817,1.0,0.0,0.286
2026-01-07,-2.3,11.6,3.9104,32.3,86.7,63.7451,440.0,15557.0,4.0312,92.7306,13881.6,1.5615,1.7011,1.7011,4.5791,-0.0136,0.9846,1.0,0.0,0.293
2026-01-08,-3.2,13.9,4.0688,24.2,83.7,59.3391,439.0,15263.0,9.5461,92.4547,12339.2,2.2154,2.7828,2.7828,4.7273,0.0859,1.0672,1.0,0.0,0.332
2026-01-09,4.2,13.7,8.5721,25.8,51.1,38.3059,395.0,4975.0,26.7765,92.0779,6555.2,2.1892,3.1074,3.1074,1.3593,-0.133,1.3559,1.0,0.0,0.688
2026-01-10,3.9,14.1,8.6271,25.2,51.0,36.6764,491.0,9527.0,21.3653,92.1646,15186.0,3.8976,5.4933,5.4933,2.1667,-0.3203,1.2997,1.0,0.0,0.709
2026-01-11,2.3,18.2,8.7902,21.6,66.8,41.9014,358.0,12205.0,6.0727,92.4371,16130.4,2.1259,2.4558,2.4558,3.1761,-0.1913,1.0999,1.0,0.0,0.658
2026-01-12,0.3,19.4,8.2979,22.5,77.8,51.0764,386.0,13690.0,4.8951,92.4736,16243.2,1.9828,2.2458,2.2458,3.8201,-0.1143,1.0477,1.0,0.0,0.536
2026-01-13,0.6,19.1,10.1028,22.1,75.8,45.9938,453.0,13752.0,12.0076,92.1861,16243.2,3.4765,4.6945,4.6945,3.7369,-0.1295,1.1518,1.0,0.0,0.668
2026-01-14,6.8,18.9,12.673,24.8,56.6,38.278,411.0,12059.0,22.6092,91.6936,18836.2,4.9481,7.1754,7.1754,3.0885,-0.2107,1.3075,1.0,0.0,0.905
2026-01-15,4.7,11.5,7.7611,49.2,82.5,67.7097,363.0,11881.0,10.0924,91.625,22406.4,1.6752,1.8341,1.8341,3.37,-0.1422,1.0385,1.0,0.0,0.341
2026-01-16,-1.4,4.6,0.8458,81.0,95.2,89.975,203.0,4377.0,6.1312,91.9187,23314.6,0.3343,0.3103,0.3103,0.6155,-0.3946,0.8991,1.0,0.0,0.065
2026-01-17,-1.6,6.7,0.9708,57.6,93.2,83.1236,534.0,11922.0,4.2444,92.4431,23529.6,0.8948,0.8671,0.8671,3.5535,-0.1008,0.9059,1.0,0.0,0.111
2026-01-18,-1.1,4.9,0.9894,63.9,90.2,81.0779,521.0,11129.0,4.8808,92.3462,16993.6,0.8208,0.7988,0.7988,3.8305,0.1349,0.9219,1.0,0.0,0.124
2026-01-19,-1.2,5.7,1.547,58.0,87.3,73.8988,506.0,8271.0,5.1988,92.7157,13572.2,0.7139,0.6954,0.6954,2.9764,0.0606,0.9556,1.0,0.0,0.178
2026-01-20,-1.7,9.6,3.0743,50.0,89.2,74.6625,419.0,13707.0,4.4528,91.5236,23558.4,1.1751,1.1885,1.1885,4.1123,-0.0454,0.9438,1.0,0.0,0.193
2026-01-21,1.1,8.3,4.6462,55.5,92.4,72.1634,361.0,4183.0,7.4548,90.8774,15240.2,0.5479,0.5535,0.5535,1.0055,-0.1463,0.9892,1.0,0.0,0.237
2026-01-23,-7.6,4.5,-1.2184,57.3,93.5,79.1647,475.0,15041.0,5.6059,92.2529,22799.6,1.1251,1.1024,1.1024,4.7603,0.0634,0.9383,1.0,0.0,0.116
2026-01-24,2.1,10.0,5.1861,34.1,64.7,50.9891,478.0,12486.0,20.1365,92.4606,23425.4,2.7249,3.535,3.535,3.617,-0.1166,1.2255,1.0,0.0,0.433
2026-01-25,-0.3,14.6,5.9409,26.5,74.0,50.8591,446.0,13197.0,5.0076,92.5053,22572.0,1.7015,1.898,1.898,3.8068,-0.0741,1.0499,1.0,0.0,0.458
2026-01-26,1.8,9.6,5.1374,56.5,86.2,70.574,276.0,8505.0,4.7542,92.3656,22401.0,0.9641,0.9698,0.9698,2.4411,-0.1519,0.9644,1.0,0.0,0.259
2026-01-27,-1.7,11.6,4.0794,56.6,91.4,76.9738,566.0,9814.0,5.8373,92.1873,21546.0,0.9838,0.9707,0.9707,2.5508,-0.1815,0.9502,1.0,0.0,0.188
2026-01-28,1.2,11.6,4.2716,57.8,92.5,82.2134,504.0,8611.0,5.9052,92.4015,22914.0,0.8486,0.8431,0.8431,2.3668,-0.2011,0.929,1.0,0.0,0.147
2026-01-29,1.7,12.1,6.3225,50.2,96.1,79.8986,451.0,9959.0,12.0176,91.869,24341.6,1.527,1.7668,1.7668,2.9093,-0.1484,1.0099,1.0,0.0,0.192
2026-01-30,4.2,13.0,8.3901,46.5,88.1,67.8213,462.0,10115.0,11.4333,91.6695,24505.8,1.7506,1.9337,1.9337,2.8779,-0.1621,1.0537,1.0,0.0,0.354
2026-01-31,4.2,13.9,8.3106,53.5,86.6,73.2433,552.0,15054.0,14.478,91.7986,24505.8,2.0588,2.4146,2.4146,4.7949,0.0395,1.0664,1.0,0.0,0.293
2026-02-01,3.1,15.3,9.6296,44.4,85.2,66.8373,432.0,11960.0,12.4162,92.0063,24679.6,2.154,2.5337,2.5337,3.5845,-0.0801,1.0692,1.0,0.0,0.397
2026-02-02,5.8,20.9,12.0146,31.1,81.9,60.7486,481.0,17034.0,6.3194,92.175,25027.2,2.2534,2.3722,2.3722,5.4336,0.087,1.0238,1.0,0.0,0.551
2026-02-03,4.0,20.2,11.9324,31.8,78.7,57.4504,484.0,16757.0,11.5583,91.9453,24237.4,3.2698,4.2214,4.2214,5.2632,0.0828,1.0986,1.0,0.0,0.594
2026-02-04,9.9,20.0,15.0217,33.1,77.2,47.1371,647.0,8980.0,22.2315,91.3825,27233.4,4.437,6.1081,6.1081,2.4336,-0.2309,1.266,1.0,0.0,0.903
2026-02-05,3.8,10.0,6.9389,67.1,94.1,83.9451,498.0,7059.0,5.4549,91.9576,32084.6,0.7477,0.7126,0.7126,1.6481,-0.2695,0.9165,1.0,0.0,0.16
2026-02-06,2.1,12.4,6.0424,52.6,91.9,79.3486,557.0,17915.0,7.9882,92.5472,32761.2,1.6318,1.7861,1.7861,6.0486,0.1754,0.9653,1.0,0.0,0.194
2026-02-07,0.1,15.4,7.5248,39.4,93.4,68.9567,517.0,16919.0,9.7574,92.173,32091.6,2.3909,2.7969,2.7969,5.5203,0.1231,1.0294,1.0,0.0,0.322
2026-02-08,4.8,14.5,10.1629,45.4,77.8,64.1315,280.0,6747.0,17.214,91.3168,32566.4,2.2769,2.8037,2.8037,1.7969,-0.2746,1.1364,1.0,0.0,0.445
2026-02-09,7.1,18.4,11.8632,35.2,84.9,64.9944,684.0,16011.0,15.0208,91.2375,32832.0,2.7474,3.2748,3.2748,5.3204,0.0944,1.1072,1.0,0.0,0.487
2026-02-10,7.1,21.3,13.2646,24.8,80.6,56.4108,603.0,10855.0,10.2085,91.7054,29640.0,2.4927,3.0165,3.0165,2.9961,-0.1467,1.0872,1.0,0.0,0.664
2026-02-11,9.3,23.3,16.6303,25.1,74.4,46.607,594.0,17188.0,17.0211,91.9782,33405.8,4.8765,6.5243,6.5243,5.4651,0.0811,1.2076,1.0,0.0,1.011
2026-02-12,9.8,23.6,17.4294,25.3,72.8,39.9217,547.0,12415.0,15.2895,91.8105,34548.8,4.5662,5.8859,5.8859,3.61,-0.1206,1.2154,1.0,0.0,1.196
2026-02-13,7.5,24.2,15.238,20.4,83.4,50.8437,547.0,20261.0,8.238,91.8704,34342.0,3.7345,4.5475,4.5475,6.6605,0.2093,1.0876,1.0,0.0,0.851
2026-02-14,8.2,26.0,16.7958,19.7,68.5,41.7669,573.0,19534.0,8.8662,91.831,34392.4,4.2131,5.1903,5.1903,6.2789,0.1431,1.1329,1.0,0.0,1.114
2026-02-15,10.5,25.0,16.3736,21.7,86.8,48.4826,612.0,16088.0,10.891,91.4715,34908.6,3.9877,5.0832,5.0832,5.0726,0.0457,1.1284,1.0,0.0,0.959
2026-02-16,6.0,11.0,8.7329,75.0,92.0,84.5727,91.0,3092.0,6.5727,92.0573,37336.6,0.4878,0.459,0.459,0.1742,-0.4082,0.9269,1.0,0.0,0.174
2026-02-17,4.7,17.3,10.5133,58.6,91.0,78.2965,540.0,20481.0,4.0902,92.3196,37780.6,2.0964,2.1123,2.1123,7.2147,0.3243,0.9243,1.0,0.0,0.276
2026-02-18,5.4,19.2,11.3531,51.0,95.8,80.9573,591.0,18306.0,3.1615,92.0119,37780.6,1.8653,1.7854,1.7854,6.6068,0.2666,0.9024,1.0,0.0,0.256
2026-02-19,6.3,23.3,14.8396,33.0,93.1,61.4903,581.0,21574.0,14.0938,92.0785,38044.8,4.514,5.7772,5.7772,7.5007,0.3185,1.1111,1.0,0.0,0.65
2026-02-20,8.1,25.6,15.3153,24.4,75.2,53.0424,557.0,20584.0,8.5139,92.5243,38044.8,3.5795,4.08,4.08,6.9545,0.252,1.0816,1.0,0.0,0.817
2026-02-21,6.7,17.9,11.6294,46.5,85.5,67.1161,526.0,19915.0,5.8657,92.7678,37780.6,2.3616,2.4866,2.4866,6.9409,0.2819,0.9918,1.0,0.0,0.45
2026-02-22,4.7,21.1,12.4479,32.6,87.1,62.5021,592.0,22689.0,4.8257,91.9771,38044.8,2.894,3.2001,3.2001,7.8807,0.371,0.999,1.0,0.0,0.542
2026-02-23,4.9,21.0,12.5826,32.6,80.4,58.1403,585.0,22568.0,4.1007,91.8243,38044.8,2.7431,3.0318,3.0318,7.8262,0.3561,1.0089,1.0,0.0,0.61
2026-02-24,5.6,22.5,13.7549,23.8,77.7,49.2486,588.0,22566.0,5.0854,91.8167,38044.8,3.0827,3.4962,3.4962,7.7213,0.3136,1.0576,1.0,0.0,0.798
2026-02-25,9.7,14.5,12.0111,34.2,57.0,44.75,0.0,0.0,4.7,91.2556,4755.6,0.1168,0.1334,0.1334,-0.2798,-0.1399,1.072,1.0,0.0,0.775
2026-02-28,9.6,14.9,11.9382,48.0,70.4,63.0647,0.0,0.0,5.3618,91.5235,9594.8,0.1347,0.1367,0.1367,-0.4796,-0.2398,1.0029,1.0,0.0,0.516
2026-03-01,5.9,18.3,11.8458,34.7,78.6,54.8778,674.0,20968.0,7.341,91.6521,40636.8,3.1126,3.5756,3.5756,7.2647,0.2872,1.0603,1.0,0.0,0.626
2026-03-02,4.4,13.8,8.2776,44.7,77.9,61.3853,578.0,21079.0,8.6762,91.942,40354.6,2.531,2.823,2.823,7.3406,0.3098,1.0485,1.0,0.0,0.422
2026-03-03,2.8,11.4,6.9764,55.7,84.0,71.2278,648.0,17829.0,5.9014,91.9882,40636.8,1.8081,1.8587,1.8587,6.123,0.195,0.975,1.0,0.0,0.288
2026-03-04,4.6,11.4,7.5321,59.4,85.9,74.4643,448.0,10366.0,5.4871,92.1014,39508.0,1.1488,1.1386,1.1386,3.3122,-0.0962,0.9566,1.0,0.0,0.265
2026-03-05,3.4,12.0,8.2437,63.2,91.0,79.0028,564.0,10973.0,8.9875,92.0618,40672.6,1.4006,1.4689,1.4689,3.545,-0.0575,0.9784,1.0,0.0,0.229
2026-03-06,4.2,16.2,9.5343,48.5,87.3,70.8909,652.0,20932.0,4.8154,92.1566,40411.8,2.3194,2.4465,2.4465,7.7161,0.3707,0.9638,1.0,0.0,0.346
2026-03-07,4.2,22.1,12.9014,20.3,87.0,53.8792,645.0,25953.0,5.1542,92.2333,40694.4,3.3861,3.8706,3.8706,9.2608,0.4873,1.039,1.0,0.0,0.686
2026-03-08,5.7,19.3,12.8222,38.7,77.5,53.7674,666.0,23199.0,6.5111,92.0306,40694.4,3.2117,3.7127,3.7127,8.2022,0.397,1.0553,1.0,0.0,0.684
2026-03-09,4.0,13.9,8.6357,53.2,85.7,69.8979,759.0,19612.0,8.8972,91.7972,40411.8,2.2948,2.5261,2.5261,7.2365,0.3119,1.0154,1.0,0.0,0.337
2026-03-10,1.0,4.6,3.1083,53.1,76.1,62.5417,174.0,6584.0,13.0,93.1583,40694.4,1.4121,1.6353,1.6353,1.7719,-0.2409,1.094,1.0,0.0,0.286
2026-03-11,-1.0,6.3,2.309,36.4,72.9,51.6972,714.0,23599.0,14.1618,93.3965,40694.4,2.6112,3.2266,3.2266,8.4527,0.4176,1.153,1.0,0.0,0.348
2026-03-12,-2.8,8.0,2.935,37.7,66.3,53.3294,880.0,25740.0,8.007,93.0119,40411.8,2.5352,2.8472,2.8472,9.2644,0.5074,1.0745,1.0,0.0,0.352
2026-03-13,-0.5,10.8,5.6,42.8,76.8,59.2715,572.0,15972.0,6.0847,92.5389,40694.4,1.9481,2.1271,2.1271,5.4238,0.1238,1.0272,1.0,0.0,0.37
2026-03-14,4.5,13.8,8.025,46.0,83.1,65.3069,742.0,24611.0,8.616,92.2889,40694.4,2.6946,2.9798,2.9798,8.9709,0.4805,1.0314,1.0,0.0,0.373
2026-03-15,4.2,15.1,7.6383,38.1,85.0,68.0474,741.0,16820.0,5.3444,92.3624,37585.8,1.9438,2.0368,2.0368,6.0675,0.2031,0.9819,1.0,0.0,0.334
2026-03-16,3.0,18.4,10.8972,38.0,87.0,61.4333,658.0,17781.0,4.391,91.7104,40694.4,2.1792,2.3323,2.3323,6.3025,0.2263,0.9985,1.0,0.0,0.503
2026-03-17,9.8,21.2,13.3792,55.5,90.6,76.3535,732.0,18640.0,4.8743,91.1458,41457.0,2.1738,2.1846,2.1846,6.7947,0.2867,0.9416,1.0,0.0,0.363
2026-03-18,9.0,16.4,11.1069,56.0,90.7,77.3604,839.0,14450.0,8.0465,91.7632,41768.0,1.8651,1.912,1.912,5.2028,0.1378,0.9743,1.0,0.0,0.299
2026-03-19,6.7,15.5,10.3126,49.8,86.8,72.0343,900.0,20926.0,6.8538,92.0608,41498.6,2.4532,2.6026,2.6026,7.8218,0.3973,0.9827,1.0,0.0,0.351
2026-03-20,3.8,19.7,12.6931,35.1,91.0,61.2736,828.0,26979.0,7.2632,91.359,41788.8,3.6164,4.0325,4.0325,9.9902,0.6003,1.0326,1.0,0.0,0.568
2026-03-21,10.5,25.3,17.55,22.0,72.3,46.9514,901.0,21839.0,7.4167,91.2514,41788.8,3.8812,4.5618,4.5618,7.897,0.363,1.0943,1.0,0.0,1.064
2026-03-22,8.5,23.4,15.0168,36.2,76.8,58.9846,846.0,17563.0,5.3727,91.7804,41525.8,2.6253,2.9625,2.9625,5.9912,0.2109,1.0201,1.0,0.0,0.7
2026-03-23,6.5,26.9,17.7785,24.4,86.0,49.134,704.0,29063.0,5.4576,91.9396,41846.4,4.3707,5.1651,5.1651,10.6811,0.6593,1.0624,1.0,0.0,1.035
2026-03-24,10.3,28.5,20.1417,21.1,76.8,41.8889,657.0,23360.0,6.475,91.5674,41846.4,4.3949,5.32,5.32,8.2885,0.4006,1.1046,1.0,0.0,1.371
2026-03-25,11.8,19.2,15.6778,45.7,89.6,80.4354,319.0,9783.0,6.5826,90.9875,42331.2,1.4013,1.3838,1.3838,3.4841,-0.0056,0.9444,1.0,0.0,0.348
2026-03-26,10.6,26.3,17.9441,34.8,91.6,65.0937,904.0,23376.0,8.6084,91.2538,42185.0,3.8967,4.6728,4.6728,9.0249,0.5402,1.0322,1.0,0.0,0.718
2026-03-27,13.9,24.5,18.8688,45.8,83.0,63.6236,678.0,14047.0,14.7875,91.0069,42585.2,3.5188,4.5389,4.5389,5.2042,0.154,1.1103,1.0,0.0,0.793
2026-03-28,10.6,23.9,15.9778,25.6,92.2,67.4451,762.0,27747.0,7.5028,90.809,43658.0,3.6087,3.8925,3.8925,10.6905,0.6978,1.0095,1.0,0.0,0.591
2026-03-29,6.7,24.4,15.1451,23.8,83.6,56.119,742.0,26897.0,4.8613,90.907,43779.6,3.5698,4.0279,4.0279,9.9537,0.6179,1.0262,1.0,0.0,0.755
2026-03-30,7.2,25.1,16.7196,18.8,84.1,51.0638,937.0,22369.0,5.8196,91.0594,44960.4,3.5393,4.1241,4.1241,8.2258,0.4447,1.0585,1.0,0.0,0.932
2026-03-31,8.2,27.0,18.9489,14.9,76.8,40.037,747.0,31536.0,8.2889,90.9941,43983.0,5.418,6.6281,6.6281,11.6684,0.7837,1.1335,1.0,0.0,1.313
2026-04-01,9.8,19.3,12.3647,39.8,90.7,78.0619,352.0,5886.0,6.2525,91.3683,47207.0,1.0097,0.9821,0.9821,1.7059,-0.2115,0.9505,1.0,0.0,0.315
2026-04-02,8.9,14.9,11.179,63.9,88.4,75.7188,523.0,14072.0,5.0145,91.729,48373.0,1.6446,1.6301,1.6301,5.2925,0.1849,0.9459,1.0,0.0,0.323
2026-04-03,5.6,21.4,13.8577,35.5,91.4,65.4,760.0,30589.0,4.1949,91.4095,48032.2,3.5375,3.8124,3.8124,11.7292,0.8232,0.9796,1.0,0.0,0.548
2026-04-04,7.3,25.1,16.2984,29.3,87.5,59.5602,797.0,24691.0,8.4325,91.1122,43123.8,3.8627,4.6818,4.6818,9.3034,0.6163,1.0533,1.0,0.0,0.749
2026-04-08,9.9,19.4,14.6169,42.5,85.1,65.8169,803.0,10398.0,6.2714,91.3753,31292.8,1.4781,1.5968,1.5968,4.1706,0.2321,1.002,1.0,0.0,0.569
2026-04-09,6.3,22.8,13.9243,38.4,91.0,68.3556,846.0,29115.0,4.9396,91.5854,58521.6,3.4958,3.7287,3.7287,11.0986,0.7577,0.9759,1.0,0.0,0.503
2026-04-10,7.4,23.2,14.6757,33.2,86.4,65.2812,857.0,26229.0,5.341,91.9646,58543.8,3.3262,3.7009,3.7009,9.746,0.62,0.9934,1.0,0.0,0.58
2026-04-11,8.0,25.7,17.0347,24.0,89.0,55.4438,777.0,34382.0,4.5576,92.2493,58579.2,4.497,5.0108,5.0108,13.1914,0.9544,1.0255,1.0,0.0,0.865
2026-04-12,8.1,26.1,18.3734,22.9,85.7,49.7399,801.0,34685.0,4.3832,91.8643,54302.4,4.7056,5.3524,5.3524,13.1711,0.9489,1.0474,1.0,0.0,1.062
2026-04-13,10.1,29.0,19.8448,19.1,82.0,48.7531,771.0,33636.0,5.5483,91.4329,50793.6,5.111,5.9949,5.9949,12.7933,0.9189,1.0651,1.0,0.0,1.187
2026-04-14,9.4,30.9,19.484,17.6,76.7,49.359,772.0,34297.0,7.2188,91.5312,51148.8,5.6908,6.8673,6.8673,13.0689,0.9476,1.082,1.0,0.0,1.147
2026-04-15,8.8,20.4,13.9958,37.2,79.5,59.5507,749.0,31656.0,8.425,91.8674,51148.8,4.1963,4.7419,4.7419,12.1489,0.8501,1.0533,1.0,0.0,0.646
2026-04-16,7.9,14.0,11.284,56.0,72.3,63.5757,755.0,15813.0,10.8562,91.9979,51148.8,2.4917,2.744,2.744,5.8921,0.2202,1.0647,1.0,0.0,0.487
2026-04-17,5.4,17.3,11.342,36.7,81.7,56.5545,797.0,29052.0,8.121,92.2203,50793.6,3.7492,4.5004,4.5004,11.2008,0.7589,1.0623,1.0,0.0,0.583
2026-04-18,3.9,22.1,14.1826,28.1,83.4,50.7035,791.0,35300.0,5.2458,91.9062,51148.8,4.453,5.0501,5.0501,13.4423,0.9714,1.0534,1.0,0.0,0.797
2026-04-19,8.2,28.7,18.5403,17.8,79.8,45.4806,803.0,33696.0,6.5757,91.4514,51148.8,5.2844,6.38,6.38,12.7652,0.9024,1.0907,1.0,0.0,1.164
2026-04-20,13.1,31.2,22.2812,22.2,59.1,39.5438,759.0,20284.0,3.9757,91.1819,51148.8,3.5126,3.969,3.969,7.487,0.3603,1.0853,1.0,0.0,1.626
2026-04-21,14.7,26.1,21.3734,31.4,70.5,47.3895,352.0,13708.0,5.5895,91.0608,50793.6,2.9786,3.355,3.355,4.9639,0.1323,1.0712,1.0,0.0,1.339
2026-04-22,12.0,26.0,17.1528,42.7,93.0,75.4069,905.0,23793.0,7.0118,91.3306,51773.8,3.2922,3.4931,3.4931,9.5533,0.6131,0.9704,1.0,0.0,0.481
2026-04-23,11.8,25.8,18.0611,43.1,94.0,73.2035,934.0,31819.0,4.4576,91.5396,52894.4,3.9882,4.1296,4.1296,12.9193,0.9772,0.9499,1.0,0.0,0.555
2026-04-24,12.9,30.6,20.6286,25.6,91.5,62.1436,794.0,31080.0,5.1429,91.4643,51932.8,4.4765,4.9747,4.9747,12.1306,0.9135,1.0042,1.0,0.0,0.92
2026-04-25,13.0,31.7,22.789,25.1,82.8,52.0079,810.0,25075.0,4.5661,91.6598,47853.6,3.8418,4.2932,4.2932,9.507,0.6443,1.04,1.0,0.0,1.331
2026-04-26,14.4,23.0,19.7579,40.0,64.9,49.685,831.0,28622.0,8.8329,91.9557,52752.0,4.608,5.3859,5.3859,11.3296,0.7831,1.0994,1.0,0.0,1.159
2026-04-27,11.2,25.8,18.8526,35.2,72.6,51.7481,880.0,27529.0,4.8195,91.4338,50114.4,3.908,4.3501,4.3501,10.6215,0.7424,1.044,1.0,0.0,1.051
2026-04-28,13.5,29.0,21.4763,25.4,80.2,46.5541,803.0,33458.0,7.0881,91.4378,50868.0,5.5304,6.5545,6.5545,12.8131,0.9494,1.0922,1.0,0.0,1.369
2026-04-29,15.6,28.1,22.1377,27.1,66.7,41.1188,800.0,34411.0,7.5688,91.4196,51998.4,5.7424,6.8809,6.8809,13.135,0.9603,1.1206,1.0,0.0,1.57
2026-04-30,14.2,26.3,20.2667,29.7,68.8,49.3568,851.0,25820.0,8.6,91.403,49737.6,4.3994,5.2897,5.2897,9.6953,0.6505,1.098,1.0,0.0,1.204
2026-05-01,13.2,19.1,15.8619,53.7,78.8,66.3075,265.0,8850.0,6.397,91.8373,50491.2,1.718,1.8096,1.8096,3.1207,0.0003,1.0014,1.0,0.0,0.607
2026-05-02,10.4,24.8,18.0,37.3,86.0,58.7748,962.0,26632.0,5.2386,91.8213,47853.6,3.705,4.079,4.079,10.5625,0.7563,1.0195,1.0,0.0,0.851
2026-05-03,11.6,28.5,20.2563,21.4,80.9,49.5978,842.0,35217.0,6.703,91.8378,50868.0,5.4409,6.4069,6.4069,13.7457,1.0589,1.075,1.0,0.0,1.197
2026-05-04,13.2,29.6,22.1244,21.2,67.4,37.8214,836.0,35791.0,5.3855,91.6656,49360.8,5.497,6.4384,6.4384,13.7241,1.0288,1.109,1.0,0.0,1.656
2026-05-05,14.2,34.7,25.55,15.0,55.8,30.2182,811.0,30328.0,5.0152,91.4917,49737.6,5.2978,6.4101,6.4101,11.1525,0.7352,1.1365,1.0,0.0,2.284
2026-05-06,18.0,37.5,28.6075,11.8,47.1,25.859,813.0,35186.0,5.1478,91.3664,50491.2,6.2349,7.6582,7.6582,13.0645,0.9475,1.1563,1.0,0.0,2.903
2026-05-07,17.3,32.6,25.1524,26.5,56.6,38.2492,781.0,25762.0,7.4071,91.4135,47476.8,5.0494,6.1628,6.1628,9.6122,0.6194,1.1307,1.0,0.0,1.974
2026-05-08,17.0,30.9,24.1979,26.5,65.5,41.9,805.0,35532.0,7.8743,91.7007,52752.0,6.3391,7.5321,7.5321,13.8899,1.0636,1.1208,1.0,0.0,1.754
2026-05-09,16.9,27.8,22.7605,27.8,71.1,40.7752,824.0,23454.0,10.1667,91.6899,48607.2,5.0192,6.2398,6.2398,8.8179,0.568,1.1522,1.0,0.0,1.64
2026-05-10,14.4,26.1,19.6472,39.3,86.8,61.2528,973.0,33475.0,9.0772,91.8976,46526.2,4.7605,5.4809,5.4809,13.3298,1.0742,1.0538,1.0,0.0,0.886
2026-05-11,15.9,28.1,21.8298,29.5,67.7,48.6043,823.0,33628.0,7.0457,91.8117,35569.6,4.8206,5.5951,5.5951,13.5432,1.205,1.0831,1.0,0.0,1.345
